1,Worldwide
23424740,Algeria
1253079,Algeria/Algiers
23424747,Argentina
468739,Argentina/Buenos Aires
466861,Argentina/Córdoba
332471,Argentina/Mendoza
466862,Argentina/Rosario
23424748,Australia
1099805,Australia/Adelaide
1100661,Australia/Brisbane
1100968,Australia/Canberra
1101597,Australia/Darwin
1103816,Australia/Melbourne
1098081,Australia/Perth
1105779,Australia/Sydney
23424750,Austria
551801,Austria/Vienna
23424753,Bahrain
23424765,Belarus
824382,Belarus/Brest
825978,Belarus/Gomel
825848,Belarus/Grodno
834463,Belarus/Minsk
23424757,Belgium
23424768,Brazil
455821,Brazil/Belo Horizonte
455820,Brazil/Belém
455819,Brazil/Brasília
455828,Brazil/Campinas
455822,Brazil/Curitiba
455830,Brazil/Fortaleza
455831,Brazil/Goiânia
455867,Brazil/Guarulhos
455833,Brazil/Manaus
455823,Brazil/Porto Alegre
455824,Brazil/Recife
455825,Brazil/Rio de Janeiro
455826,Brazil/Salvador
455834,Brazil/São Luís
455827,Brazil/São Paulo
23424775,Canada
8775,Canada/Calgary
8676,Canada/Edmonton
3534,Canada/Montreal
3369,Canada/Ottawa
3444,Canada/Quebec
4118,Canada/Toronto
9807,Canada/Vancouver
2972,Canada/Winnipeg
23424782,Chile
349860,Chile/Concepcion
349859,Chile/Santiago
349861,Chile/Valparaiso
23424787,Colombia
368151,Colombia/Barranquilla
368148,Colombia/Bogotá
368149,Colombia/Cali
368150,Colombia/Medellín
23424796,Denmark
23424800,Dominican Republic
76456,Dominican Republic/Santo Domingo
23424801,Ecuador
375733,Ecuador/Guayaquil
375732,Ecuador/Quito
23424802,Egypt
1522006,Egypt/Alexandria
1521894,Egypt/Cairo
1521643,Egypt/Giza
23424819,France
580778,France/Bordeaux
608105,France/Lille
609125,France/Lyon
610264,France/Marseille
612977,France/Montpellier
613858,France/Nantes
615702,France/Paris
619163,France/Rennes
627791,France/Strasbourg
628886,France/Toulouse
23424829,Germany
638242,Germany/Berlin
641142,Germany/Bremen
667931,Germany/Cologne
645458,Germany/Dortmund
645686,Germany/Dresden
646099,Germany/Dusseldorf
648820,Germany/Essen
650272,Germany/Frankfurt
656958,Germany/Hamburg
671072,Germany/Leipzig
676757,Germany/Munich
698064,Germany/Stuttgart
23424824,Ghana
1326075,Ghana/Accra
1330595,Ghana/Kumasi
23424833,Greece
946738,Greece/Athens
963291,Greece/Thessaloniki
23424834,Guatemala
83123,Guatemala/Guatemala City
23424848,India
2295402,India/Ahmedabad
2295388,India/Amritsar
2295420,India/Bangalore
2295407,India/Bhopal
2295424,India/Chennai
20070458,India/Delhi
2295414,India/Hyderabad
2295408,India/Indore
2295401,India/Jaipur
2295378,India/Kanpur
2295386,India/Kolkata
2295377,India/Lucknow
2295411,India/Mumbai
2282863,India/Nagpur
2295381,India/Patna
2295412,India/Pune
2295404,India/Rajkot
2295383,India/Ranchi
2295387,India/Srinagar
2295405,India/Surat
2295410,India/Thane
23424846,Indonesia
1047180,Indonesia/Bandung
1030077,Indonesia/Bekasi
1032539,Indonesia/Depok
1047378,Indonesia/Jakarta
1046138,Indonesia/Makassar
1047908,Indonesia/Medan
1048059,Indonesia/Palembang
1040779,Indonesia/Pekanbaru
1048324,Indonesia/Semarang
1044316,Indonesia/Surabaya
1048536,Indonesia/Tangerang
23424803,Ireland
560472,Ireland/Cork
560743,Ireland/Dublin
560912,Ireland/Galway
23424852,Israel
1967449,Israel/Haifa
1968222,Israel/Jerusalem
1968212,Israel/Tel Aviv
23424853,Italy
711080,Italy/Bologna
716085,Italy/Genoa
718345,Italy/Milan
719258,Italy/Naples
719846,Italy/Palermo
721943,Italy/Rome
725003,Italy/Turin
23424856,Japan
1117034,Japan/Chiba
1117099,Japan/Fukuoka
1117155,Japan/Hamamatsu
1117227,Japan/Hiroshima
1117502,Japan/Kawasaki
1110809,Japan/Kitakyushu
1117545,Japan/Kobe
1117605,Japan/Kumamoto
15015372,Japan/Kyoto
1117817,Japan/Nagoya
1117881,Japan/Niigata
90036018,Japan/Okayama
2345896,Japan/Okinawa
15015370,Japan/Osaka
1118072,Japan/Sagamihara
1116753,Japan/Saitama
1118108,Japan/Sapporo
1118129,Japan/Sendai
1118285,Japan/Takamatsu
1118370,Japan/Tokyo
1118550,Japan/Yokohama
23424860,Jordan
1968902,Jordan/Amman
23424863,Kenya
1528335,Kenya/Mombasa
1528488,Kenya/Nairobi
23424868,Korea
1132444,Korea/Ansan
1132445,Korea/Bucheon
1132447,Korea/Busan
1132449,Korea/Changwon
1132466,Korea/Daegu
2345975,Korea/Daejeon
1130853,Korea/Goyang
1132481,Korea/Gwangju
1132496,Korea/Incheon
1132559,Korea/Seongnam
1132599,Korea/Seoul
1132567,Korea/Suwon
1132578,Korea/Ulsan
1132094,Korea/Yongin
23424870,Kuwait
23424874,Latvia
854823,Latvia/Riga
23424873,Lebanon
23424901,Malaysia
56013645,Malaysia/Hulu Langat
1154679,Malaysia/Ipoh
1154698,Malaysia/Johor Bahru
1141268,Malaysia/Kajang
1154726,Malaysia/Klang
1154781,Malaysia/Kuala Lumpur
56013632,Malaysia/Petaling
23424900,Mexico
110978,Mexico/Acapulco
111579,Mexico/Aguascalientes
115958,Mexico/Chihuahua
116556,Mexico/Ciudad Juarez
117994,Mexico/Culiacán
118466,Mexico/Ecatepec de Morelos
124162,Mexico/Guadalajara
124785,Mexico/Hermosillo
131068,Mexico/León
133475,Mexico/Mexicali
116545,Mexico/Mexico City
134047,Mexico/Monterrey
134091,Mexico/Morelia
133327,Mexico/Mérida
134395,Mexico/Naucalpan de Juárez
116564,Mexico/Nezahualcóyotl
137612,Mexico/Puebla
138045,Mexico/Querétaro
141272,Mexico/Saltillo
144265,Mexico/San Luis Potosí
149361,Mexico/Tijuana
149769,Mexico/Toluca
151582,Mexico/Zapopan
23424909,Netherlands
727232,Netherlands/Amsterdam
726874,Netherlands/Den Haag
733075,Netherlands/Rotterdam
734047,Netherlands/Utrecht
23424916,New Zealand
2348079,New Zealand/Auckland
23424908,Nigeria
1387660,Nigeria/Benin City
1393672,Nigeria/Ibadan
1396439,Nigeria/Kaduna
1396803,Nigeria/Kano
1398823,Nigeria/Lagos
1404447,Nigeria/Port Harcourt
23424910,Norway
857105,Norway/Bergen
862592,Norway/Oslo
23424898,Oman
2268284,Oman/Muscat
23424922,Pakistan
2211574,Pakistan/Faisalabad
2211096,Pakistan/Karachi
2211177,Pakistan/Lahore
2211269,Pakistan/Multan
2211387,Pakistan/Rawalpindi
23424924,Panama
23424919,Peru
418440,Peru/Lima
23424934,Philippines
1198785,Philippines/Antipolo
1199002,Philippines/Cagayan de Oro
1167715,Philippines/Calocan
1199079,Philippines/Cebu City
1199136,Philippines/Davao City
1180689,Philippines/Makati
1199477,Philippines/Manila
1187115,Philippines/Pasig
1199682,Philippines/Quezon City
1195098,Philippines/Taguig
1199980,Philippines/Zamboanga City
23424923,Poland
493417,Poland/Gda?sk
502075,Poland/Kraków
505120,Poland/Lodz
514048,Poland/Pozna?
523920,Poland/Warsaw
526363,Poland/Wroclaw
23424925,Portugal
23424935,Puerto Rico
23424930,Qatar
23424936,Russia
1997422,Russia/Chelyabinsk
2121040,Russia/Irkutsk
2121267,Russia/Kazan
2018708,Russia/Khabarovsk
2028717,Russia/Krasnodar
2029043,Russia/Krasnoyarsk
2122265,Russia/Moscow
2122471,Russia/Nizhny Novgorod
2122541,Russia/Novosibirsk
2122641,Russia/Omsk
2122814,Russia/Perm
2123177,Russia/Rostov-on-Don
2123260,Russia/Saint Petersburg
2077746,Russia/Samara
2124045,Russia/Ufa
2124288,Russia/Vladivostok
2124298,Russia/Volgograd
2108210,Russia/Voronezh
2112237,Russia/Yekaterinburg
23424938,Saudi Arabia
56120136,Saudi Arabia/Ahsa
1939574,Saudi Arabia/Dammam
1939873,Saudi Arabia/Jeddah
1939897,Saudi Arabia/Mecca
1937801,Saudi Arabia/Medina
1939753,Saudi Arabia/Riyadh
23424948,Singapore
1062617,Singapore/Singapore
23424942,South Africa
1591691,South Africa/Cape Town
1580913,South Africa/Durban
1582504,South Africa/Johannesburg
1586614,South Africa/Port Elizabeth
1586638,South Africa/Pretoria
1587677,South Africa/Soweto
23424950,Spain
753692,Spain/Barcelona
754542,Spain/Bilbao
764814,Spain/Las Palmas
766273,Spain/Madrid
766356,Spain/Malaga
768026,Spain/Murcia
769293,Spain/Palma
774508,Spain/Seville
776688,Spain/Valencia
779063,Spain/Zaragoza
23424954,Sweden
890869,Sweden/Gothenburg
906057,Sweden/Stockholm
23424957,Switzerland
782538,Switzerland/Geneva
783058,Switzerland/Lausanne
784794,Switzerland/Zurich
23424960,Thailand
1225448,Thailand/Bangkok
23424969,Turkey
2343678,Turkey/Adana
2343732,Turkey/Ankara
2343733,Turkey/Antalya
2343843,Turkey/Bursa
2343932,Turkey/Diyarbak?r
2343980,Turkey/Eski?ehir
2343999,Turkey/Gaziantep
2344116,Turkey/Istanbul
2344117,Turkey/Izmir
2344174,Turkey/Kayseri
2344210,Turkey/Konya
2323778,Turkey/Mersin
23424976,Ukraine
918981,Ukraine/Dnipropetrovsk
919163,Ukraine/Donetsk
922137,Ukraine/Kharkiv
924938,Ukraine/Kyiv
924943,Ukraine/Lviv
929398,Ukraine/Odesa
939628,Ukraine/Zaporozhye
23424738,United Arab Emirates
1940330,United Arab Emirates/Abu Dhabi
1940345,United Arab Emirates/Dubai
1940119,United Arab Emirates/Sharjah
23424975,United Kingdom
44544,United Kingdom/Belfast
12723,United Kingdom/Birmingham
12903,United Kingdom/Blackpool
13383,United Kingdom/Bournemouth
13911,United Kingdom/Brighton
13963,United Kingdom/Bristol
15127,United Kingdom/Cardiff
17044,United Kingdom/Coventry
18114,United Kingdom/Derby
19344,United Kingdom/Edinburgh
21125,United Kingdom/Glasgow
25211,United Kingdom/Hull
26042,United Kingdom/Leeds
26062,United Kingdom/Leicester
26734,United Kingdom/Liverpool
44418,United Kingdom/London
28218,United Kingdom/Manchester
28869,United Kingdom/Middlesbrough
30079,United Kingdom/Newcastle
30720,United Kingdom/Nottingham
32185,United Kingdom/Plymouth
32452,United Kingdom/Portsmouth
32566,United Kingdom/Preston
34503,United Kingdom/Sheffield
36240,United Kingdom/Stoke-on-Trent
36758,United Kingdom/Swansea
23424977,United States
2352824,United States/Albuquerque
2357024,United States/Atlanta
2357536,United States/Austin
2358820,United States/Baltimore
2359991,United States/Baton Rouge
2364559,United States/Birmingham
2367105,United States/Boston
2378426,United States/Charlotte
2379574,United States/Chicago
2380358,United States/Cincinnati
2381475,United States/Cleveland
2383489,United States/Colorado Springs
2383660,United States/Columbus
2388929,United States/Dallas-Ft. Worth
2391279,United States/Denver
2391585,United States/Detroit
2397816,United States/El Paso
2407517,United States/Fresno
2414469,United States/Greensboro
2418046,United States/Harrisburg
2423945,United States/Honolulu
2424766,United States/Houston
2427032,United States/Indianapolis
2428184,United States/Jackson
2428344,United States/Jacksonville
2430683,United States/Kansas City
2436704,United States/Las Vegas
2441472,United States/Long Beach
2442047,United States/Los Angeles
2442327,United States/Louisville
2449323,United States/Memphis
2449808,United States/Mesa
2450022,United States/Miami
2451822,United States/Milwaukee
2452078,United States/Minneapolis
2457170,United States/Nashville
2458410,United States/New Haven
2458833,United States/New Orleans
2459115,United States/New York
2460389,United States/Norfolk
2464592,United States/Oklahoma City
2465512,United States/Omaha
2466256,United States/Orlando
2471217,United States/Philadelphia
2471390,United States/Phoenix
2473224,United States/Pittsburgh
2475687,United States/Portland
2477058,United States/Providence
2478307,United States/Raleigh
2480894,United States/Richmond
2486340,United States/Sacramento
2487610,United States/Salt Lake City
2487796,United States/San Antonio
2487889,United States/San Diego
2487956,United States/San Francisco
2488042,United States/San Jose
2490383,United States/Seattle
2486982,United States/St. Louis
2503713,United States/Tallahassee
2503863,United States/Tampa
2508428,United States/Tucson
2512636,United States/Virginia Beach
2514815,United States/Washington
23424982,Venezuela
395273,Venezuela/Barcelona
468382,Venezuela/Barquisimeto
395269,Venezuela/Caracas
395275,Venezuela/Ciudad Guayana
395270,Venezuela/Maracaibo
395271,Venezuela/Maracay
468384,Venezuela/Maturín
395277,Venezuela/Turmero
395272,Venezuela/Valencia
23424984,Vietnam
1252351,Vietnam/Can Tho
1252376,Vietnam/Da Nang
1236690,Vietnam/Hai Phong
1236594,Vietnam/Hanoi
1252431,Vietnam/Ho Chi Minh City

